{
  "checkpoint": "C:\\Users\\User\\source\\repos\\Outfitly\\AI_Engine\\data\\two_tower_model.pth",
  "device": "cuda",
  "validation_pairs": 36145,
  "storefront_validation_pairs": 9525,
  "checkpoint_metrics": {
    "selection_metric": "storefront_recall@10",
    "selection_metric_value": 0.034855643044619425,
    "validation_loss": 4.785675613592702,
    "epoch": 3,
    "recall@10": 0.002517637294231567,
    "recall@50": 0.005394937059067644,
    "recall@100": 0.007442246507124084,
    "storefront_recall@10": 0.034855643044619425,
    "storefront_recall@50": 0.09238845144356955,
    "storefront_recall@100": 0.13826771653543307,
    "map@12": 0.0011501743518619995,
    "storefront_map@12": 0.012598906197331398
  },
  "recall@10": 0.0042882833033614605,
  "recall@50": 0.010098215520818923,
  "recall@100": 0.013916170978005257,
  "storefront_recall@10": 0.04041994750656168,
  "storefront_recall@50": 0.1121259842519685,
  "storefront_recall@100": 0.16913385826771654,
  "map@12": 0.0016301085674443013,
  "storefront_map@12": 0.015049902853052452,
  "all_popular_recall@10": 0.009268225204039287,
  "all_popular_recall@50": 0.029547655277355096,
  "all_popular_recall@100": 0.04506847420113432,
  "all_popular_map@12": 0.0036140758612746436,
  "storefront_popular_recall@10": 0.0358005249343832,
  "storefront_popular_recall@50": 0.10519685039370079,
  "storefront_popular_recall@100": 0.15706036745406823,
  "storefront_popular_map@12": 0.013682907060859822,
  "top100_popular_candidates_validation_pairs": 1629,
  "top100_popular_candidates_recall@10": 0.238182934315531,
  "top100_popular_candidates_recall@50": 0.6881522406384285,
  "top100_popular_candidates_recall@100": 1.0,
  "top100_popular_candidates_map@12": 0.09089850535522727,
  "top100_popular_candidates_popular_recall@10": 0.2056476365868631,
  "top100_popular_candidates_popular_recall@50": 0.6556169429097606,
  "top100_popular_candidates_popular_recall@100": 1.0,
  "top100_popular_candidates_popular_map@12": 0.08019077471195335
}
